travel,visit,hotel,location,location,vacation,medicine,want_raleted,restaurant,,hotel,restaurant,,health_care
move,course,room,Chania,Sfakia,holiday,care,need,eating place,,temporary,eating place,,medicine
motion,drop in,place,Chania,Paleochora,leave,healthcare,wish,eating place,,room,eating place,,healthcare
walk,meet,abode,Chania,Kissamos,break ,health,appetite,eating house,,flat,eating house,,health
trip,show,breakfast,Chania,Frangokastello,rest,care,craving,place,,house,place,,health-care
cruise,you visit,car park,Chania,Kolimbari Village,time off,health-care,demand,eating house,,hostel,eating house,,medical treatment
ride,paying a visit to,carpark,Chania,Kalyves Village,recess,medical treatment,fancy,diner,,place,diner,,care
fall,go see,at the hotel,Chania,Platanias Village,leisure,care,hankering,eatery,,home,eatery,,medicine
creep,guest,reception desk,Chania,Anopolis,vacationing,medicine,hunger,grill,,inn,grill,,health service
traversal,inspect,parking facilities,Chania,Akrotiri,holidays,health service,longing,diner,,lodge spot,diner,,medicine
go up,hit,lodging,Chania,Alikianos,sabbatical,care,necessity,eating place,,house,eating place,,medical assistance
vacation,stay,place,Chania,Deres,leave,medicine,requirement,bistro,,place,bistro,,medicine
taxi,tarry,house,Chania,Elos,break,medical assistance,thirst,eating house ,,hostelry,eating house ,,medical attention
location,continue,guesthouse,Chania,Epanochori,summer,care,absence,diner,,resort,diner,,health services
tourism,last,guest house,Chania,Gavalochori,midsummer,medicine,dearth,dinner,,place,dinner,,medical services
booking,pop in,shelter,Chania,Kalami,leave,medical attention,default,café,,house,café,,medical aid
depart,land,building,Chania,Kandanos,time recreation,health services,defect,diner ,,accommodation,diner ,,medicine
visiting,report,room,Chania,Kefali,take a holiday,care,deficiency,eating house,,house ,eating house,,medical attendance
visit,figure,residence,Chania,Kournas,holidaying. ,medical services,destitution,buffet,,place,buffet,,medical
,meeting,home,Chania,Mournies,liberty ,medical aid,exigency,eating house ,,lodge,eating house ,,medical service
,argument,flat,Chania,Papadiana,recreation,medicine,famine,eatery,,cabin,eatery,,health-related
,discussion,rooms,Chania,Rodopos,vacay,medical attendance,impecuniousness,dining hall,,boarding house,dining hall,,medical help
,drop in on,comfortableness,Chania,Rodovani,have a rest,medical,impoverishment,diner,,place,diner,,medicaid
,visit with,advance booking,Chania,Souda,take a rest,medical service,inadequacy,eating place,,restaurant in hotel,eating place,,medical insurance
,over,catering,Chania,Stylos,respite,health-related,indigence,steakhouse,,tavern,steakhouse,,health insurance
,came to visit,in a hotel,Chania,Topolia,leisure,medical help,insufficiency,eating place ,,building,eating place ,,medicine
,he visited,house,Chania,Vamos,relax,medicaid,meagerness,eating,,place,eating,,medical coverage
,make it,safe deposit box,Chania,Voukolies,take a vacation,medical insurance,neediness,hotel,,bed and breakfast,hotel,,health delivery
,make,accomodations,Chania,Vryses,vacation time,health insurance,paucity,cafeteria,,breakfast,cafeteria,,health maintenance
,inflict,located is,Chania,Loutro,spring break,medicine,pauperism,eating house ,,room,eating house ,,medicine
,haunt ,buffet table,Chania,Prases,relaxation,medical coverage,penury,eatery,,place,eatery,,health protection
,cause,until otherwise stipulated,Chania,Therissos,break off,health delivery,poorness,brasserie,,abode,brasserie,,curative care
,impose,house building,Chania,Nerokouros,stay,health maintenance,poverty,eating place,,breakfast,eating place,,medicine
,bother,steam room,Chania,Elafonisi,visit,medicine,privation,eating,,car park,eating,,public health services
,haunt,handshaking,Chania,Balos,vacations,health protection,scantiness,bar,,carpark,bar,,medicine
,chat ,flophouse,Chania,Falassarna,leisure time,curative care,scarcity,diner ,,at the hotel,diner ,,sickness insurance
,short,place,Chania,Frangokastello beach,leisure ,medicine,shortage,eating place,,reception desk,eating place,,social security administration
,frequent,house,Chania,Pahia Ammos,leave,public health services,choose,dining,,parking facilities,dining,,social security administration
,run,home,Chania,Georgioupolis,go on vacation,medicine,crave,catering,,lodging,catering,,care insurance
,go,housing,Chania,Sfakia beach,resting,sickness insurance,need,food,,place,food,,medicare
,voyage,chalet,Chania,Loutraki,leave period,social security administration,prefer,pizzeria,,house,pizzeria,,health-care services
,move,apartment,Chania,Maleme,pause,social security administration,require,eating house,,guesthouse,eating house,,provision of health care
,cross,flat,Chania,Souda Beach,leisure,care insurance,wish,eatery,,guest house,eatery,,health care delivery
,watch,house,Chania,Agia Marina,sleep,medicare,ache,eating place,,shelter,eating place,,medical management
,go and see,hotelier,Chania,Agioi Apostoloi,rigidity,health-care services,aspire,eating house,,building,eating house,,health
,stop,parking facility,Chania,Drapanias,take some time off,provision of health care,covet,diner,,room,diner,,public health service
,come round to,motor lodge,Chania,Finikas,recreational,health care delivery,fancy,restoring,,residence,restoring,,sanitation
,come and see,lunch,Chania,Germaniko Pouli,departure,medical management,hanker,public catering,,home,public catering,,health coverage
,make a visit,room rate,Chania,Gialiskari,weekend,health,hunger,teahouse,,rooms,teahouse,,health plan
,visite,hotel,Chania,Glyka Nera,carry,public health service,long,eating place,,comfortableness,eating place,,delivery of health care
,field trip,motel,Chania,Golden Beach,go,sanitation,lust,eating,,advance booking,eating,,provision of healthcare
,dating,hostel,Chania,Grammeno,take time off,health coverage,pine,snack bar,,catering,snack bar,,maintenance of health
,pay a call,booked,Chania,Kalamaki,take vacations,health plan,thirst,diner,,in a hotel,diner,,medicine
,visited,,Chania,Kalathas,exp.,delivery of health care,yearn,rehabilitation,,fleabag,rehabilitation,,care
,,,Chania,Kalyves,go on holiday,provision of healthcare,be greedy,restoration,,house,restoration,,public health care
,tour,,Chania,Kiani Akti,have a holiday,maintenance of health,could do with,room,,safe deposit box,room,,medical support
,trip,,Chania,Kissamos beach,go on a vacation,medicine,desiderate,trattoria,,accomodations,trattoria,,nurse
,carry,,Chania,Kolimbari,tour,care,feel a need,eatery,,located is,eatery,,healthcare services
,trip,,Chania,Koutelos,cross,public health care,have a passion for,diner,,buffet table,diner,,in the area of health
,excursion,,Chania,Krios,carry,medical support,have a yen for,remediation,,until otherwise stipulated,remediation,,public health care
,voyage,,Chania,Marathi,repose,nurse,have ambition,restaurants,,house building,restaurants,,medical support
,for a visit,,Chania,Orthi Ammos,games,healthcare services,have an urge for,at the restaurant,,steam room,at the restaurant,,nurse
,attend,,Chania,Sfinari,relaxation,in the area of health,have eyes for,recovery,,handshaking,recovery,,healthcare services
,activity,,Chania,Sougia,withdrawal,,incline toward,coffee shop,,flophouse,coffee shop,,in the area of health
,accompany,,Chania,Stalos,passage,,itch for,eating house,,place,eating house,,
,travel,,Chania,Stavros,escape,,spoil for,drink,,house home,drink,,
,trip,,Chania,Tavronitis,break off,,call for,refectory,,housing,refectory,,
,tour,,Chania,Tripiti,trip,,demand,eating place ,,chalet,eating place ,,
,call,,Chania,Votsalo,,,require,eating,,apartment,eating,,
,meet,,Chania,Votsalo,,,miss,restored,,flat,restored,,
,reach,,Chania,Platanias,,,starve,cattleman,,house,cattleman,,
,pay a call,,Chania,Paleohora Beach,,,be deficient,at a restaurant,,hotelier,at a restaurant,,
,meet,,Chania,Halikia,,,be deprived of,at the diner,,parking facility,at the diner,,
,visitor,,chania,paleochora,,,be found wanting,exp.,,motor lodge,exp.,,
,visitation,,chania,kissamos,,,be insufficient,luncheonette,,lunch,luncheonette,,
,journey,,chania,frangokastello,,,be poor,place ,,room rate,place ,,
,trip,,chania,kolimbari village,,,be short of,eating house,,doss house,eating house,,
,excursion,,chania,kalyves village,,,be without,chophouse,,chamber,chophouse,,
,meet ,,chania,platanias village,,,fall short in,diner ,,quarters,diner ,,
,guide,,chania,anopolis,,,have need of,eating place,,house,eating place,,
,pay a visit,,chania,akrotiri,,,stand in need of,dining room,,place,dining room,,
,ride,,chania,alikianos,,,,diner,,pleasure dome,diner,,
,drive ,,chania,deres,,,,eating place,,guestroom,eating place,,
,expedition,,chania,elos,,,,lunch counter,,bedrooms,lunch counter,,
,sojourn,,chania,epanochori,,,,eating,,parking deck,eating,,
,visits,,chania,gavalochori,,,,eating place,,away,eating place,,
,come and visit,,chania,kalami,,,,resturant,,brunch,resturant,,
,travelling,,chania,kandanos,,,,breakfast room,,at hotel,breakfast room,,
,find,,chania,kefali,,,,location,,auberge,location,,
,see,,chania,kournas,,,,hostelry,,chalet,hostelry,,
,call ,,chania,mournies,,,,guests,,shelter,guests,,
,stay,,chania,papadiana,,,,food court,,roadhouse,food court,,
,visitors,,chania,rodopos,,,,sold,,bar place,sold,,
,on a visit,,chania,rodovani,,,,diner,,hotels,diner,,
,surrender,,chania,souda,,,,eating-house,,dwelling,eating-house,,
,stay,,chania,stylos,,,,,,place,,,
,live,,chania,topolia,,,,,,house,,,
,stop,,chania,vamos,,,,,,abode,,,
,consult,,chania,voukolies,,,,,,place,,,
,argue,,chania,vryses,,,,,,house,,,
,go explore,,chania,loutro,,,,,,pension,,,
,travel to,,chania,prases,,,,,,parking area,,,
,trip,,chania,therissos,,,,,,located,,,
,quick visit,,chania,nerokouros,,,,,,cosiness,,,
,come to visit,,chania,elafonisi,,,,,,hotel room,,,
,appointment,,chania,balos,,,,,,guests,,,
,affair,,chania,falassarna,,,,,,hotel business,,,
,arrangement,,chania,frangokastello beach,,,,,,hotel trade,,,
,go to see,,chania,pahia ammos,,,,,,at a hotel,,,
,check,,chania,georgioupolis,,,,,,hospitality industry,,,
,show,,chania,sfakia beach,,,,,,cottage,,,
,land,,chania,loutraki,,,,,,building,,,
,enter,,chania,maleme,,,,,,gatehouse,,,
,from visiting,,chania,souda beach,,,,,,hospice,,,
,view,,chania,agia marina,,,,,,chalet,,,
,take a tour,,chania,agioi apostoloi,,,,,,remedy,,,
,call on,,chania,drapanias,,,,,,rooming house,,,
,hit,,chania,finikas,,,,,,place,,,
,activity,,chania,germaniko pouli,,,,,,board,,,
,talk,,chania,gialiskari,,,,,,camp,,,
,call,,chania,glyka nera,,,,,,house,,,
,play,,chania,golden beach,,,,,,resturant,,,
,stop,,chania,grammeno,,,,,,buffett,,,
,stay,,chania,kalamaki,,,,,,food,,,
,continue,,chania,kalathas,,,,,,our hotel,,,
,look,,chania,kalyves,,,,,,diner,,,
,pay him a visit,,chania,kiani akti,,,,,,alimony,,,
,mission,,chania,kissamos beach,,,,,,piscine,,,
,stop by,,chania,kolimbari,,,,,,receipt,,,
,meet,,chania,koutelos,,,,,,allowance,,,
,call,,chania,krios,,,,,,innkeeper,,,
,date,,chania,marathi,,,,,,mellon,,,
,engagement,,chania,orthi ammos,,,,,,at the inn,,,
,accompany,,chania,sfinari,,,,,,spa,,,
,reach,,chania,sougia,,,,,,abode,,,
,land,,chania,stalos,,,,,,remedy,,,
,enter,,chania,stavros,,,,,,poorhouse,,,
,,,chania,tavronitis,,,,,,flat,,,
,,,chania,tripiti,,,,,,place,,,
,,,chania,votsalo,,,,,,lap,,,
,,,chania,votsalo,,,,,,house,,,
,,,chania,platanias,,,,,,place,,,
,,,chania,paleohora beach,,,,,,comfortable,,,
,,,chania,halikia,,,,,,facilities,,,
,,,Rethymno,Anogia,,,,,,,,,
,,,Rethymno,Agia Galini,,,,,,,,,
,,,Rethymno,Plakias,,,,,,,,,
,,,Rethymno,Argiroupolis,,,,,,,,,
,,,Rethymno,Spili,,,,,,,,,
,,,Rethymno,Agios Vasilios,,,,,,,,,
,,,Rethymno,Atsipopoulo,,,,,,,,,
,,,Rethymno,Melambes,,,,,,,,,
,,,Rethymno,Myrthios,,,,,,,,,
,,,Rethymno,Prasses,,,,,,,,,
,,,Rethymno,Agia Galini Beach,,,,,,,,,
,,,Rethymno,Bali,,,,,,,,,
,,,Rethymno,Preveli,,,,,,,,,
,,,Rethymno,Panormos,,,,,,,,,
,,,Rethymno,Plakias Beach,,,,,,,,,
,,,Rethymno,Rodakino,,,,,,,,,
,,,Rethymno,Triopetra,,,,,,,,,
,,,Rethymno,Agios Pavlos,,,,,,,,,
,,,rethymno,anogia,,,,,,,,,
,,,rethymno,agia galini,,,,,,,,,
,,,rethymno,plakias,,,,,,,,,
,,,rethymno,argiroupolis,,,,,,,,,
,,,rethymno,spili,,,,,,,,,
,,,rethymno,agios vasilios,,,,,,,,,
,,,rethymno,atsipopoulo,,,,,,,,,
,,,rethymno,melambes,,,,,,,,,
,,,rethymno,myrthios,,,,,,,,,
,,,rethymno,prasses,,,,,,,,,
,,,rethymno,agia galini beach,,,,,,,,,
,,,rethymno,bali,,,,,,,,,
,,,rethymno,preveli,,,,,,,,,
,,,rethymno,panormos,,,,,,,,,
,,,rethymno,plakias beach,,,,,,,,,
,,,rethymno,rodakino,,,,,,,,,
,,,rethymno,triopetra,,,,,,,,,
,,,rethymno,agios pavlos,,,,,,,,,
,,,Rethymno,Enetiko,,,,,,,,,
,,,Rethymno,Geropotamos,,,,,,,,,
,,,Rethymno,Misiria,,,,,,,,,
,,,Rethymno,Petres,,,,,,,,,
,,,Rethymno,Agios Georgios,,,,,,,,,
,,,Rethymno,Pigianos Kampos,,,,,,,,,
,,,Rethymno,Perivolia,,,,,,,,,
,,,rethymno,geropotamos,,,,,,,,,
,,,rethymno,misiria,,,,,,,,,
,,,rethymno,petres,,,,,,,,,
,,,rethymno,agios georgios,,,,,,,,,
,,,rethymno,pigianos kampos,,,,,,,,,
,,,rethymno,perivolia,,,,,,,,,
,,,Heraklion,Matala,,,,,,,,,
,,,Heraklion,Agia Pelagia,,,,,,,,,
,,,Heraklion,Malia,,,,,,,,,
,,,Heraklion,Agiofaraggo,,,,,,,,,
,,,Heraklion,Tymbaki,,,,,,,,,
,,,Heraklion,Tobrouk,,,,,,,,,
,,,Heraklion,Lygaria,,,,,,,,,
,,,Heraklion,Amoudara,,,,,,,,,
,,,Heraklion,Amnissos,,,,,,,,,
,,,Heraklion,Stalida,,,,,,,,,
,,,Heraklion,Hersonissos,,,,,,,,,
,,,Heraklion,Kokkini Hani,,,,,,,,,
,,,Heraklion,Tsoutsouros,,,,,,,,,
,,,Heraklion,Fodele,,,,,,,,,
,,,Heraklion,Agia Pelagia Psaromoura,,,,,,,,,
,,,Heraklion,Agia Pelagia Mononaftis,,,,,,,,,
,,,Heraklion,Dermatos,,,,,,,,,
,,,Heraklion,Analipsi,,,,,,,,,
,,,Heraklion,Gouves,,,,,,,,,
,,,Heraklion,Karteros,,,,,,,,,
,,,Heraklion,Keratokambos,,,,,,,,,
,,,Heraklion,Kokkinos Pyrgos,,,,,,,,,
,,,Heraklion,Komos,,,,,,,,,
,,,Heraklion,Paleokastro,,,,,,,,,
,,,Heraklion,Psari Forada,,,,,,,,,
,,,Heraklion,Sidonia,,,,,,,,,
,,,Heraklion,Tertsa,,,,,,,,,
,,,heraklion,matala,,,,,,,,,
,,,heraklion,agia pelagia,,,,,,,,,
,,,heraklion,malia,,,,,,,,,
,,,heraklion,agiofaraggo,,,,,,,,,
,,,heraklion,tymbaki,,,,,,,,,
,,,heraklion,tobrouk,,,,,,,,,
,,,heraklion,lygaria,,,,,,,,,
,,,heraklion,amoudara,,,,,,,,,
,,,heraklion,amnissos,,,,,,,,,
,,,heraklion,stalida,,,,,,,,,
,,,heraklion,hersonissos,,,,,,,,,
,,,heraklion,kokkini hani,,,,,,,,,
,,,heraklion,tsoutsouros,,,,,,,,,
,,,heraklion,fodele,,,,,,,,,
,,,heraklion,agia pelagia psaromoura,,,,,,,,,
,,,heraklion,agia pelagia mononaftis,,,,,,,,,
,,,heraklion,dermatos,,,,,,,,,
,,,heraklion,analipsi,,,,,,,,,
,,,heraklion,gouves,,,,,,,,,
,,,heraklion,karteros,,,,,,,,,
,,,heraklion,keratokambos,,,,,,,,,
,,,heraklion,kokkinos pyrgos,,,,,,,,,
,,,heraklion,komos,,,,,,,,,
,,,heraklion,paleokastro,,,,,,,,,
,,,heraklion,psari forada,,,,,,,,,
,,,heraklion,sidonia,,,,,,,,,
,,,heraklion,tertsa,,,,,,,,,
,,,Lassithi,Vai,,,,,,,,,
,,,Lassithi,Makrigialos,,,,,,,,,
,,,Lassithi,Istro beach,,,,,,,,,
,,,Lassithi,Xerokampos,,,,,,,,,
,,,Lassithi,Palekastro,,,,,,,,,
,,,Lassithi,Havania,,,,,,,,,
,,,Lassithi,Kato Zakros,,,,,,,,,
,,,Lassithi,Amoudara,,,,,,,,,
,,,Lassithi,Agia Fotia,,,,,,,,,
,,,Lassithi,Sissi beach,,,,,,,,,
,,,Lassithi,Sissi beach,,,,,,,,,
,,,Lassithi,Pahia Ammos,,,,,,,,,
,,,Lassithi,Hiona,,,,,,,,,
,,,Lassithi,Almiros,,,,,,,,,
,,,Lassithi,Agios Nikolaos Beach,,,,,,,,,
,,,Lassithi,Itanos,,,,,,,,,
,,,Lassithi,Maridatis,,,,,,,,,
,,,Lassithi,Papadiokampos,,,,,,,,,
,,,Lassithi,vai,,,,,,,,,
,,,lassithi,makrigialos,,,,,,,,,
,,,lassithi,istro beach,,,,,,,,,
,,,lassithi,xerokampos,,,,,,,,,
,,,lassithi,palekastro,,,,,,,,,
,,,lassithi,havania,,,,,,,,,
,,,lassithi,kato zakros,,,,,,,,,
,,,lassithi,amoudara,,,,,,,,,
,,,lassithi,agia fotia,,,,,,,,,
,,,lassithi,sissi beach,,,,,,,,,
,,,lassithi,sissi beach,,,,,,,,,
,,,lassithi,pahia ammos,,,,,,,,,
,,,lassithi,hiona,,,,,,,,,
,,,lassithi,almiros,,,,,,,,,
,,,lassithi,agios nikolaos beach,,,,,,,,,
,,,lassithi,itanos,,,,,,,,,
,,,lassithi,maridatis,,,,,,,,,
,,,lassithi,papadiokampos,,,,,,,,,
,,,palm forest,Palm Forest,,,,,,,,,
,,,windmills,Windmills,,,,,,,,,
,,,agios nikolaos,Agios Nikolaos,,,,,,,,,
,,,tzermiado,Tzermiado,,,,,,,,,
,,,ierapetra,Ierapetra,,,,,,,,,
,,,sissi,Sissi,,,,,,,,,
,,,sitia,Sitia,,,,,,,,,
,,,elounda,Elounda,,,,,,,,,
,,,neapolis,Neapolis,,,,,,,,,
,,,kritsa,Kritsa,,,,,,,,,
,,,plaka,Plaka,,,,,,,,,
,,,zakros,Zakros,,,,,,,,,
,,,milatos,Milatos,,,,,,,,,
,,,mochlos,Mochlos,,,,,,,,,
,,,ziros,Ziros,,,,,,,,,
,,,kalamafka,Kalamafka,,,,,,,,,
,,,tourloti,Tourloti,,,,,,,,,
,,,makris gialos,Makris Gialos,,,,,,,,,
,,,knossos,Knossos,,,,,,,,,
,,,crete,Crete,,,,,,,,,
,,,hania,,,,,,,,,,
,,,khania,Khania,,,,,,,,,
,,,,,,,,,,,,,
,,,Irakleio,Rethymno,,,,,,,,,
,,,krhth,Siteia,,,,,,,,,
,,,Krhth,siteia,,,,,,,,,
,,,pachia ammos,Pachia Ammos,,,,,,,,,
,,,vasiliki,Vasiliki,,,,,,,,,
,,,stavros (kapistri),Stavros (Kapistri),,,,,,,,,
,,,episkopi,Episkopi,,,,,,,,,
,,,kentri,Kentri,,,,,,,,,
,,,vainia (giannitsi),Vainia (Giannitsi),,,,,,,,,
,,,koutsounari,Koutsounari,,,,,,,,,
,,,ferma,Ferma,,,,,,,,,
,,,agios ioannis,Agios Ioannis,,,,,,,,,
,,,agia fotia,Agia Fotia,,,,,,,,,
,,,schinokapsala,Schinokapsala,,,,,,,,,
,,,koutsouras,Koutsouras,,,,,,,,,
,,,makrygialos,Makrygialos,,,,,,,,,
,,,analipsi,Analipsi,,,,,,,,,
,,,pefki,Pefki,,,,,,,,,
,,,agios stefanos (gras),Agios Stefanos (Gras),,,,,,,,,
,,,stavrochori,Stavrochori,,,,,,,,,
,,,oreino,Oreino,,,,,,,,,
,,,monastiraki,Monastiraki,,,,,,,,,
,,,thripti,Thripti,,,,,,,,,
,,,kavousi,Kavousi,,,,,,,,,
,,,trapeza,Trapeza,,,,,,,,,
,,,bebonas,Bebonas,,,,,,,,,
,,,chrisopigi (roukakas),Chrisopigi (Roukakas),,,,,,,,,
,,,aorion,Aorion,,,,,,,,,
,,,dafni,Dafni,,,,,,,,,
,,,lastros,Lastros,,,,,,,,,
,,,mochlos,Mochlos,,,,,,,,,
,,,sfaka,Sfaka,,,,,,,,,
,,,tourloti,Tourloti,,,,,,,,,
,,,agios andreas,Agios Andreas,,,,,,,,,
,,,myrsini,Myrsini,,,,,,,,,
,,,mesa mouliana,Mesa Mouliana,,,,,,,,,
,,,exo mouliana,Exo Mouliana,,,,,,,,,
,,,kalavros,Kalavros,,,,,,,,,
,,,chamezi,Chamezi,,,,,,,,,
,,,skopi,Skopi,,,,,,,,,
,,,paraspori,Paraspori,,,,,,,,,
,,,achladia,Achladia,,,,,,,,,
,,,sitia,Sitia,,,,,,,,,
,,,piskokefalo,Piskokefalo,,,,,,,,,
,,,kato episkopi,Kato Episkopi,,,,,,,,,
,,,petras,Petras,,,,,,,,,
,,,agia fotia,Agia Fotia,,,,,,,,,
,,,roussa ekklisia,Roussa Ekklisia,,,,,,,,,
,,,analoukas,Analoukas,,,,,,,,,
,,,xirolimni,Xirolimni,,,,,,,,,
,,,chonos,Chonos,,,,,,,,,
,,,mitato,Mitato,,,,,,,,,
,,,vrysidi (magasa),Vrysidi (Magasa),,,,,,,,,
,,,arniko,Arniko,,,,,,,,,
,,,stavromenos,Stavromenos,,,,,,,,,
,,,laggada,Laggada,,,,,,,,,
,,,kellaria,Kellaria,,,,,,,,,
,,,adravasti,Adravasti,,,,,,,,,
,,,klisidi,Klisidi,,,,,,,,,
,,,zakros,Zakros,,,,,,,,,
,,,karydi,Karydi,,,,,,,,,
,,,sitanos,Sitanos,,,,,,,,,
,,,katsidoni,Katsidoni,,,,,,,,,
,,,sandali,Sandali,,,,,,,,,
,,,maronia,Maronia,,,,,,,,,
,,,zakanthos,Zakanthos,,,,,,,,,
,,,katelionas,Katelionas,,,,,,,,,
,,,nea praesos (vaveli),Nea Praesos (Vaveli),,,,,,,,,
,,,epano episkopi,Epano Episkopi,,,,,,,,,
,,,agios georgios (tourtouli),Agios Georgios (Tourtouli),,,,,,,,,
,,,agios spyridon (kanene),Agios Spyridon (Kanene),,,,,,,,,
,,,sykia,Sykia,,,,,,,,,
,,,papagiannades,Papagiannades,,,,,,,,,
,,,skordilo,Skordilo,,,,,,,,,
,,,kato krya,Kato Krya,,,,,,,,,
,,,sklavi,Sklavi,,,,,,,,,
,,,lithines,Lithines,,,,,,,,,
,,,kalo nero,Kalo Nero,,,,,,,,,
,,,perivolakia,Perivolakia,,,,,,,,,
,,,etia,Etia,,,,,,,,,
,,,armeni,Armeni,,,,,,,,,
,,,chandras,Chandras,,,,,,,,,
,,,ziros,Ziros,,,,,,,,,
,,,mesa apidi,Mesa Apidi,,,,,,,,,
,,,exo apidi,Exo Apidi,,,,,,,,,
,,,epano perivolakia,Epano Perivolakia,,,,,,,,,
,,,lamnoni,Lamnoni,,,,,,,,,
,,,agia triada,Agia Triada,,,,,,,,,
,,,chametoulo,Chametoulo,,,,,,,,,
,,,kalo chorio,Kalo Chorio,,,,,,,,,
,,,xerokampos,Xerokampos,,,,,,,,,
,,,goudouras,Goudouras,,,,,,,,,
,,,palaikastro,Palaikastro,,,,,,,,,
,,,agathia,Agathia,,,,,,,,,
,,,azokeramos,Azokeramos,,,,,,,,,
,,,kato zakros,Kato Zakros,,,,,,,,,
,,,makrilia,Makrilia,,,,,,,,,
,,,meseleri,Meseleri,,,,,,,,,
,,,prina,Prina,,,,,,,,,
,,,potami,Potami,,,,,,,,,
,,,gra-lygia,Gra-Lygia,,,,,,,,,
,,,kalogeri,Kalogeri,,,,,,,,,
,,,stomio,Stomio,,,,,,,,,
,,,nea anatoli,Nea Anatoli,,,,,,,,,
,,,ammoudares,Ammoudares,,,,,,,,,
,,,anatoli,Anatoli,,,,,,,,,
,,,kalamafka,Kalamafka,,,,,,,,,
,,,kopanes,Kopanes,,,,,,,,,
,,,myrtos,Myrtos,,,,,,,,,
,,,mythi,Mythi,,,,,,,,,
,,,malles,Malles,,,,,,,,,
,,,agios georgios,Agios Georgios,,,,,,,,,
,,,christos,Christos,,,,,,,,,
,,,metaxochori (parsas),Metaxochori (Parsas),,,,,,,,,
,,,mournies,Mournies,,,,,,,,,
,,,gdochia,Gdochia,,,,,,,,,
,,,loutraki,Loutraki,,,,,,,,,
,,,agios georgios,Agios Georgios,,,,,,,,,
,,,tertsa,Tertsa,,,,,,,,,
,,,sykologos,Sykologos,,,,,,,,,
,,,pente petres,Pente Petres,,,,,,,,,
,,,psari forada,Psari Forada,,,,,,,,,
,,,ano vigla,Ano Vigla,,,,,,,,,
,,,kato vigles,Kato Vigles,,,,,,,,,
,,,sisi,Sisi,,,,,,,,,
,,,memes,Memes,,,,,,,,,
,,,paralia milatou,Paralia Milatou,,,,,,,,,
,,,milatos,Milatos,,,,,,,,,
,,,tsampion,Tsampion,,,,,,,,,
,,,agori,Agori,,,,,,,,,
,,,vrachasi,Vrachasi,,,,,,,,,
,,,latsida,Latsida,,,,,,,,,
,,,anogia,Anogia,,,,,,,,,
,,,amygdalolakkos,Amygdalolakkos,,,,,,,,,
,,,agios antonios,Agios Antonios,,,,,,,,,
,,,adravastos,Adravastos,,,,,,,,,
,,,petros,Petros,,,,,,,,,
,,,zourva,Zourva,,,,,,,,,
,,,xirolimni,Xirolimni,,,,,,,,,
,,,peronides,Peronides,,,,,,,,,
,,,souvlos,Souvlos,,,,,,,,,
,,,amygdalea,Amygdalea,,,,,,,,,
,,,romanos,Romanos,,,,,,,,,
,,,kourounes,Kourounes,,,,,,,,,
,,,nofalias,Nofalias,,,,,,,,,
,,,perampela,Perampela,,,,,,,,,
,,,makrigennisa,Makrigennisa,,,,,,,,,
,,,dilakkos,Dilakkos,,,,,,,,,
,,,koudoumalos,Koudoumalos,,,,,,,,,
,,,finokalia,Finokalia,,,,,,,,,
,,,patsopoulos,Patsopoulos,,,,,,,,,
,,,valtos,Valtos,,,,,,,,,
,,,skinias,Skinias,,,,,,,,,
,,,agios georgios,Agios Georgios,,,,,,,,,
,,,epano & kato loumas,Epano & Kato Loumas,,,,,,,,,
,,,selles,Selles,,,,,,,,,
,,,mironikitas,Mironikitas,,,,,,,,,
,,,brouchas,Brouchas,,,,,,,,,
,,,chondrovolaki,Chondrovolaki,,,,,,,,,
,,,karydi,Karydi,,,,,,,,,
,,,dories,Dories,,,,,,,,,
,,,chavgas,Chavgas,,,,,,,,,
,,,plaka,Plaka,,,,,,,,,
,,,kastelli fournis,Kastelli Fournis,,,,,,,,,
,,,fourni,Fourni,,,,,,,,,
,,,epano pines,Epano Pines,,,,,,,,,
,,,kato pines,Kato Pines,,,,,,,,,
,,,epano elounda,Epano Elounda,,,,,,,,,
,,,kato elounda,Kato Elounda,,,,,,,,,
,,,mavrikiano,Mavrikiano,,,,,,,,,
,,,schisma eloundas,Schisma Eloundas,,,,,,,,,
,,,ellinika,Ellinika,,,,,,,,,
,,,atzimbragia,Atzimbragia,,,,,,,,,
,,,kalos lakkos,Kalos Lakkos,,,,,,,,,
,,,agia pelagia,Agia Pelagia,,,,,,,,,
,,,agios ioannis (lousesto),Agios Ioannis (Lousesto),,,,,,,,,
,,,dyo prinoi,Dyo Prinoi,,,,,,,,,
,,,drakkos,Drakkos,,,,,,,,,
,,,katsikia,Katsikia,,,,,,,,,
,,,pissidos,Pissidos,,,,,,,,,
,,,xirokambos,Xirokambos,,,,,,,,,
,,,agios nikolaos,Agios Nikolaos,,,,,,,,,
,,,limnes,Limnes,,,,,,,,,
,,,choumeriakos,Choumeriakos,,,,,,,,,
,,,nikithianos,Nikithianos,,,,,,,,,
,,,neapoli,Neapoli,,,,,,,,,
,,,voulismeni,Voulismeni,,,,,,,,,
,,,vryses,Vryses,,,,,,,,,
,,,agios konstantinos,Agios Konstantinos,,,,,,,,,
,,,amygdali,Amygdali,,,,,,,,,
,,,ano amigdali,Ano Amigdali,,,,,,,,,
,,,zenia,Zenia,,,,,,,,,
,,,roussapidia,Roussapidia,,,,,,,,,
,,,exo potami,Exo Potami,,,,,,,,,
,,,roussakiana,Roussakiana,,,,,,,,,
,,,mesa potami,Mesa Potami,,,,,,,,,
,,,mesa lasithi,Mesa Lasithi,,,,,,,,,
,,,mesa lasithaki,Mesa Lasithaki,,,,,,,,,
,,,agios konstantinos,Agios Konstantinos,,,,,,,,,
,,,tapes,Tapes,,,,,,,,,
,,,vlachides,Vlachides,,,,,,,,,
,,,peronides,Peronides,,,,,,,,,
,,,karterides,Karterides,,,,,,,,,
,,,exo lakkonia,Exo Lakkonia,,,,,,,,,
,,,marnellides,Marnellides,,,,,,,,,
,,,fioretsides,Fioretsides,,,,,,,,,
,,,flamouriana,Flamouriana,,,,,,,,,
,,,chamilo,Chamilo,,,,,,,,,
,,,schisma,Schisma,,,,,,,,,
,,,kakokamotes,Kakokamotes,,,,,,,,,
,,,analipsi,Analipsi,,,,,,,,,
,,,roussa limni,Roussa Limni,,,,,,,,,
,,,ammoudara,Ammoudara,,,,,,,,,
,,,mardati,Mardati,,,,,,,,,
,,,istron,Istron,,,,,,,,,
,,,kalo chorio,Kalo Chorio,,,,,,,,,
,,,pyrgos,Pyrgos,,,,,,,,,
,,,kritsa,Kritsa,,,,,,,,,
,,,kroustas,Kroustas,,,,,,,,,
,,,katharo,Katharo,,,,,,,,,
,,,kopraki,Kopraki,,,,,,,,,
,,,agios dimitrios,Agios Dimitrios,,,,,,,,,
,,,pachykormos,Pachykormos,,,,,,,,,
,,,keratidia,Keratidia,,,,,,,,,
,,,malia,Malia,,,,,,,,,
,,,stalida,Stalida,,,,,,,,,
,,,koutouloufari,Koutouloufari,,,,,,,,,
,,,piskopiano,Piskopiano,,,,,,,,,
,,,limin chersonisou,Limin Chersonisou,,,,,,,,,
,,,analipsi,Analipsi,,,,,,,,,
,,,chersonisos,Chersonisos,,,,,,,,,
,,,agriana,Agriana,,,,,,,,,
,,,gouves,Gouves,,,,,,,,,
,,,kato gouves (finix),Kato Gouves (Finix),,,,,,,,,
,,,gournes,Gournes,,,,,,,,,
,,,chani tou kokkini,Chani tou Kokkini,,,,,,,,,
,,,vathianos kambos,Vathianos Kambos,,,,,,,,,
,,,mochos,Mochos,,,,,,,,,
,,,krasi,Krasi,,,,,,,,,
,,,avdou,Avdou,,,,,,,,,
,,,gonies,Gonies,,,,,,,,,
,,,potamies,Potamies,,,,,,,,,
,,,kalo chorio,Kalo Chorio,,,,,,,,,
,,,koxari,Koxari,,,,,,,,,
,,,skotino,Skotino,,,,,,,,,
,,,kainourio chorio,Kainourio Chorio,,,,,,,,,
,,,galifa,Galifa,,,,,,,,,
,,,charaso,Charaso,,,,,,,,,
,,,smari,Smari,,,,,,,,,
,,,sambas,Sambas,,,,,,,,,
,,,zofori,Zofori,,,,,,,,,
,,,apostoli,Apostoli,,,,,,,,,
,,,thrapsano,Thrapsano,,,,,,,,,
,,,archontiko (alitzani),Archontiko (Alitzani),,,,,,,,,
,,,arkalohori,Arkalohori,,,,,,,,,
,,,mousouta,Mousouta,,,,,,,,,
,,,kasanos,Kasanos,,,,,,,,,
,,,ano & kato poulia,Ano & Kato Poulia,,,,,,,,,
,,,lefkochori (voutoufou),Lefkochori (Voutoufou),,,,,,,,,
,,,evaggelismos (mouchtari),Evaggelismos (Mouchtari),,,,,,,,,
,,,monastiraki,Monastiraki,,,,,,,,,
,,,sklaverochori,Sklaverochori,,,,,,,,,
,,,archagellos (varvaro),Archagellos (Varvaro),,,,,,,,,
,,,kardoulianos,Kardoulianos,,,,,,,,,
,,,kastelli,Kastelli,,,,,,,,,
,,,roussochoria,Roussochoria,,,,,,,,,
,,,avli,Avli,,,,,,,,,
,,,nipiditos,Nipiditos,,,,,,,,,
,,,panagia,Panagia,,,,,,,,,
,,,afrati,Afrati,,,,,,,,,
,,,geraki,Geraki,,,,,,,,,
,,,armacha,Armacha,,,,,,,,,
,,,agia paraskevi,Agia Paraskevi,,,,,,,,,
,,,liliano,Liliano,,,,,,,,,
,,,mathia,Mathia,,,,,,,,,
,,,amariano,Amariano,,,,,,,,,
,,,kastamonitsa,Kastamonitsa,,,,,,,,,
,,,tichos,Tichos,,,,,,,,,
,,,lyttos (xidas),Lyttos (Xidas),,,,,,,,,
,,,bitzariano (pigi),Bitzariano (Pigi),,,,,,,,,
,,,aski,Aski,,,,,,,,,
,,,sfendili,Sfendili,,,,,,,,,
,,,tzermiado,Tzermiado,,,,,,,,,
,,,marmaketo,Marmaketo,,,,,,,,,
,,,laggou,Laggou,,,,,,,,,
,,,pinakiano,Pinakiano,,,,,,,,,
,,,kato metohi,Kato Metohi,,,,,,,,,
,,,agios charalambos (gerodomouri,Agios Charalambos (Gerodomouri,,,,,,,,,
,,,plati,Plati,,,,,,,,,
,,,psychro,Psychro,,,,,,,,,
,,,magoulas,Magoulas,,,,,,,,,
,,,kaminaki,Kaminaki,,,,,,,,,
,,,avrakontes,Avrakontes,,,,,,,,,
,,,agios georgios,Agios Georgios,,,,,,,,,
,,,machera,Machera,,,,,,,,,
,,,ini,Ini,,,,,,,,,
,,,vakiotes,Vakiotes,,,,,,,,,
,,,lagouta,Lagouta,,,,,,,,,
,,,ano kastelliana,Ano Kastelliana,,,,,,,,,
,,,kato kastelliana,Kato Kastelliana,,,,,,,,,
,,,demati,Demati,,,,,,,,,
,,,tsoutsouros,Tsoutsouros,,,,,,,,,
,,,skinias,Skinias,,,,,,,,,
,,,karavados,Karavados,,,,,,,,,
,,,martha,Martha,,,,,,,,,
,,,thomadiano,Thomadiano,,,,,,,,,
,,,embaros,Embaros,,,,,,,,,
,,,milliarades,Milliarades,,,,,,,,,
,,,katofygi,Katofygi,,,,,,,,,
,,,kato symi,Kato Symi,,,,,,,,,
,,,kalami,Kalami,,,,,,,,,
,,,dermatos,Dermatos,,,,,,,,,
,,,agios ioannis,Agios Ioannis,,,,,,,,,
,,,kastri,Kastri,,,,,,,,,
,,,mesi,Mesi,,,,,,,,,
,,,kato viannos,Kato Viannos,,,,,,,,,
,,,pervola,Pervola,,,,,,,,,
,,,chondros,Chondros,,,,,,,,,
,,,keratokambos,Keratokambos,,,,,,,,,
,,,ano viannos,Ano Viannos,,,,,,,,,
,,,loutraki,Loutraki,,,,,,,,,
,,,vachos,Vachos,,,,,,,,,
,,,amiras,Amiras,,,,,,,,,
,,,kefalovrisi,Kefalovrisi,,,,,,,,,
,,,krevatas,Krevatas,,,,,,,,,
,,,agios vasilios,Agios Vasilios,,,,,,,,,
,,,pefkos,Pefkos,,,,,,,,,
,,,ano kornias,Ano Kornias,,,,,,,,,
,,,syndonia,Syndonia,,,,,,,,,
,,,nea arvi,Nea Arvi,,,,,,,,,
,,,achendrias,Achendrias,,,,,,,,,
,,,agia marina,Agia Marina,,,,,,,,,
,,,mournia,Mournia,,,,,,,,,
,,,prinias,Prinias,,,,,,,,,
,,,amygdalos,Amygdalos,,,,,,,,,
,,,paranymfi,Paranymfi,,,,,,,,,
,,,kapetaniana,Kapetaniana,,,,,,,,,
,,,koumassa,Koumassa,,,,,,,,,
,,,koukia,Koukia,,,,,,,,,
,,,fournofaraggo,Fournofaraggo,,,,,,,,,
,,,agios nikolaos,Agios Nikolaos,,,,,,,,,
,,,pentamodi,Pentamodi,,,,,,,,,
,,,pyrgou,Pyrgou,,,,,,,,,
,,,agios myron,Agios Myron,,,,,,,,,
,,,siva,Siva,,,,,,,,,
,,,dafnes,Dafnes,,,,,,,,,
,,,agios syllas,Agios Syllas,,,,,,,,,
,,,tsaggaraki,Tsaggaraki,,,,,,,,,
,,,profitis ilias (kanli kastelli,Profitis Ilias (Kanli Kastelli,,,,,,,,,
,,,epano archanes,Epano Archanes,,,,,,,,,
,,,kounavi,Kounavi,,,,,,,,,
,,,peza,Peza,,,,,,,,,
,,,kalloni,Kalloni,,,,,,,,,
,,,agies paraskies,Agies Paraskies,,,,,,,,,
,,,myrtia (varvaro ag.paraskion),Myrtia (Varvaro Ag.Paraskion),,,,,,,,,
,,,sgourokefali,Sgourokefali,,,,,,,,,
,,,kerassia,Kerassia,,,,,,,,,
,,,avgeniki,Avgeniki,,,,,,,,,
,,,venerato,Venerato,,,,,,,,,
,,,sinapi,Sinapi,,,,,,,,,
,,,pyrgos,Pyrgos,,,,,,,,,
,,,kyparissos (dourvoutzi),Kyparissos (Dourvoutzi),,,,,,,,,
,,,galeni,Galeni,,,,,,,,,
,,,roukani,Roukani,,,,,,,,,
,,,choudetsi,Choudetsi,,,,,,,,,
,,,agios vassilios,Agios Vassilios,,,,,,,,,
,,,melesses,Melesses,,,,,,,,,
,,,astritsi,Astritsi,,,,,,,,,
,,,voni,Voni,,,,,,,,,
,,,galatas,Galatas,,,,,,,,,
,,,choumeri,Choumeri,,,,,,,,,
,,,agia varvara,Agia Varvara,,,,,,,,,
,,,pirouniana,Pirouniana,,,,,,,,,
,,,megali vryssi,Megali Vryssi,,,,,,,,,
,,,preveliana,Preveliana,,,,,,,,,
,,,agios thomas,Agios Thomas,,,,,,,,,
,,,douli,Douli,,,,,,,,,
,,,kolena,Kolena,,,,,,,,,
,,,genna,Genna,,,,,,,,,
,,,arkadi,Arkadi,,,,,,,,,
,,,damania,Damania,,,,,,,,,
,,,kardiotissa,Kardiotissa,,,,,,,,,
,,,metaxochori (kako chorio),Metaxochori (Kako Chorio),,,,,,,,,
,,,armanogia,Armanogia,,,,,,,,,
,,,amourgelles,Amourgelles,,,,,,,,,
,,,stironas,Stironas,,,,,,,,,
,,,panorama (gournia),Panorama (Gournia),,,,,,,,,
,,,patsideros,Patsideros,,,,,,,,,
,,,zinta,Zinta,,,,,,,,,
,,,miliarissi,Miliarissi,,,,,,,,,
,,,partira,Partira,,,,,,,,,
,,,kato moulia,Kato Moulia,,,,,,,,,
,,,metochi vleroma,Metochi Vleroma,,,,,,,,,
,,,valis,Valis,,,,,,,,,
,,,inia,Inia,,,,,,,,,
,,,larani,Larani,,,,,,,,,
,,,atsipades,Atsipades,,,,,,,,,
,,,melidochori,Melidochori,,,,,,,,,
,,,ano akria,Ano Akria,,,,,,,,,
,,,kastelli (tsifout-kastelli),Kastelli (Tsifout-Kastelli),,,,,,,,,
,,,charaki,Charaki,,,,,,,,,
,,,tefeli,Tefeli,,,,,,,,,
,,,ligortynos,Ligortynos,,,,,,,,,
,,,aposelemi,Aposelemi,,,,,,,,,
,,,pyrathi,Pyrathi,,,,,,,,,
,,,badia,Badia,,,,,,,,,
,,,tourloti,Tourloti,,,,,,,,,
,,,drapeti,Drapeti,,,,,,,,,
,,,garipa,Garipa,,,,,,,,,
,,,gaggales,Gaggales,,,,,,,,,
,,,stoli,Stoli,,,,,,,,,
,,,rizikas,Rizikas,,,,,,,,,
,,,loures,Loures,,,,,,,,,
,,,stavies,Stavies,,,,,,,,,
,,,dionysi,Dionysi,,,,,,,,,
,,,panagia,Panagia,,,,,,,,,
,,,moria,Moria,,,,,,,,,
,,,sokaras,Sokaras,,,,,,,,,
,,,metochia sokara,Metochia Sokara,,,,,,,,,
,,,asimi,Asimi,,,,,,,,,
,,,velouli,Velouli,,,,,,,,,
,,,apoini,Apoini,,,,,,,,,
,,,sternes,Sternes,,,,,,,,,
,,,charakas,Charakas,,,,,,,,,
,,,doraki,Doraki,,,,,,,,,
,,,pyrgos,Pyrgos,,,,,,,,,
,,,pretoria (protoria),Pretoria (Protoria),,,,,,,,,
,,,plakiotissa,Plakiotissa,,,,,,,,,
,,,kefalados,Kefalados,,,,,,,,,
,,,rotassi,Rotassi,,,,,,,,,
,,,neochori,Neochori,,,,,,,,,
,,,kalyvia,Kalyvia,,,,,,,,,
,,,messochori,Messochori,,,,,,,,,
,,,filippi,Filippi,,,,,,,,,
,,,sarakiniko,Sarakiniko,,,,,,,,,
,,,metochia,Metochia,,,,,,,,,
,,,kastri,Kastri,,,,,,,,,
,,,vatsiana,Vatsiana,,,,,,,,,
,,,xenaki,Xenaki,,,,,,,,,
,,,ammoudara,Ammoudara,,,,,,,,,
,,,gazi,Gazi,,,,,,,,,
,,,ergatikes katikies,Ergatikes Katikies,,,,,,,,,
,,,agia marina (tsalikaki),Agia Marina (Tsalikaki),,,,,,,,,
,,,tylissos,Tylissos,,,,,,,,,
,,,agia pelagia,Agia Pelagia,,,,,,,,,
,,,rogdia,Rogdia,,,,,,,,,
,,,kavrochori,Kavrochori,,,,,,,,,
,,,kato kalesia,Kato Kalesia,,,,,,,,,
,,,keramoutsi,Keramoutsi,,,,,,,,,
,,,kamari,Kamari,,,,,,,,,
,,,korfes,Korfes,,,,,,,,,
,,,petrokefali,Petrokefali,,,,,,,,,
,,,stavrakia,Stavrakia,,,,,,,,,
,,,voutes,Voutes,,,,,,,,,
,,,knossos,Knossos,,,,,,,,,
,,,vassilies,Vassilies,,,,,,,,,
,,,agios vlassis,Agios Vlassis,,,,,,,,,
,,,kato archanes,Kato Archanes,,,,,,,,,
,,,patsides,Patsides,,,,,,,,,
,,,skalani,Skalani,,,,,,,,,
,,,kallithea (babali metochi),Kallithea (Babali Metochi),,,,,,,,,
,,,karteros,Karteros,,,,,,,,,
,,,karteros,Karteros,,,,,,,,,
,,,aitania,Aitania,,,,,,,,,
,,,episkopi,Episkopi,,,,,,,,,
,,,epano vathia,Epano Vathia,,,,,,,,,
,,,giofyrakia,Giofyrakia,,,,,,,,,
,,,matala,Matala,,,,,,,,,
,,,kali limenes,Kali Limenes,,,,,,,,,
,,,agios markos,Agios Markos,,,,,,,,,
,,,platia peramata,Platia Peramata,,,,,,,,,
,,,antiskari,Antiskari,,,,,,,,,
,,,gerokampos,Gerokampos,,,,,,,,,
,,,lentas,Lentas,,,,,,,,,
,,,agios kyrillos,Agios Kyrillos,,,,,,,,,
,,,vassiliki,Vassiliki,,,,,,,,,
,,,pigaidakia,Pigaidakia,,,,,,,,,
,,,krotos,Krotos,,,,,,,,,
,,,krousonas,Krousonas,,,,,,,,,
,,,sarchos,Sarchos,,,,,,,,,
,,,kato assites,Kato Assites,,,,,,,,,
,,,ano assites,Ano Assites,,,,,,,,,
,,,prinias,Prinias,,,,,,,,,
,,,ano moulia,Ano Moulia,,,,,,,,,
,,,flathiakes,Flathiakes,,,,,,,,,
,,,choustouliana,Choustouliana,,,,,,,,,
,,,platanos,Platanos,,,,,,,,,
,,,plora,Plora,,,,,,,,,
,,,agii deka,Agii Deka,,,,,,,,,
,,,apomarma,Apomarma,,,,,,,,,
,,,gergeri,Gergeri,,,,,,,,,
,,,nyvritos,Nyvritos,,,,,,,,,
,,,zaros,Zaros,,,,,,,,,
,,,moroni,Moroni,,,,,,,,,
,,,kato stalos,Kato Stalos,,,,,,,,,
,,,galatas,Galatas,,,,,,,,,
,,,daratso,Daratso,,,,,,,,,
,,,kato galatas,Kato Galatas,,,,,,,,,
,,,makrys tichos,Makrys Tichos,,,,,,,,,
,,,pervolia,Pervolia,,,,,,,,,
,,,vamvakopoulo,Vamvakopoulo,,,,,,,,,
,,,lygides,Lygides,,,,,,,,,
,,,potistiria,Potistiria,,,,,,,,,
,,,varypetro,Varypetro,,,,,,,,,
,,,myloniana,Myloniana,,,,,,,,,
,,,falassarna,Falassarna,,,,,,,,,
,,,limeniskos,Limeniskos,,,,,,,,,
,,,platanos,Platanos,,,,,,,,,
,,,gramvoussa (lardas),Gramvoussa (Lardas),,,,,,,,,
,,,zerviana,Zerviana,,,,,,,,,
,,,fournados,Fournados,,,,,,,,,
,,,karefiliana,Karefiliana,,,,,,,,,
,,,azogyras,Azogyras,,,,,,,,,
,,,piperiana,Piperiana,,,,,,,,,
,,,neo chorio,Neo Chorio,,,,,,,,,
,,,kalyviani,Kalyviani,,,,,,,,,
,,,viglia,Viglia,,,,,,,,,
,,,roufas,Roufas,,,,,,,,,
,,,kastelli,Kastelli,,,,,,,,,
,,,ampelouzos,Ampelouzos,,,,,,,,,
,,,mitropoli,Mitropoli,,,,,,,,,
,,,galia,Galia,,,,,,,,,
,,,vorizia,Vorizia,,,,,,,,,
,,,kamares,Kamares,,,,,,,,,
,,,magarikari,Magarikari,,,,,,,,,
,,,grigoria,Grigoria,,,,,,,,,
,,,klima,Klima,,,,,,,,,
,,,platanos,Platanos,,,,,,,,,
,,,lochria,Lochria,,,,,,,,,
,,,lagoli,Lagoli,,,,,,,,,
,,,kalochorafitis,Kalochorafitis,,,,,,,,,
,,,skourvoula,Skourvoula,,,,,,,,,
,,,laloumas,Laloumas,,,,,,,,,
,,,faneromeni,Faneromeni,,,,,,,,,
,,,vori,Vori,,,,,,,,,
,,,kalyvia,Kalyvia,,,,,,,,,
,,,mires,Mires,,,,,,,,,
,,,agios ioannis,Agios Ioannis,,,,,,,,,
,,,kamilari,Kamilari,,,,,,,,,
,,,kalamaki,Kalamaki,,,,,,,,,
,,,sivas,Sivas,,,,,,,,,
,,,pitsidia,Pitsidia,,,,,,,,,
,,,kousses,Kousses,,,,,,,,,
,,,petrokefalo,Petrokefalo,,,,,,,,,
,,,pombia,Pombia,,,,,,,,,
,,,listaros,Listaros,,,,,,,,,
,,,peri,Peri,,,,,,,,,
,,,kappariana,Kappariana,,,,,,,,,
,,,bali,Bali,,,,,,,,,
,,,agia,Agia,,,,,,,,,
,,,dafnedes,Dafnedes,,,,,,,,,
,,,damavolos,Damavolos,,,,,,,,,
,,,abdanirtes,Abdanirtes,,,,,,,,,
,,,kefali,Kefali,,,,,,,,,
,,,kastri,Kastri,,,,,,,,,
,,,argoulio,Argoulio,,,,,,,,,
,,,agios mamas,Agios Mamas,,,,,,,,,
,,,abdellas,Abdellas,,,,,,,,,
,,,kalyvos,Kalyvos,,,,,,,,,
,,,agios ioannis,Agios Ioannis,,,,,,,,,
,,,garazo,Garazo,,,,,,,,,
,,,apladiana,Apladiana,,,,,,,,,
,,,livadia,Livadia,,,,,,,,,
,,,krana,Krana,,,,,,,,,
,,,zoniana,Zoniana,,,,,,,,,
,,,veni,Veni,,,,,,,,,
,,,axos,Axos,,,,,,,,,
,,,kryoneri,Kryoneri,,,,,,,,,
,,,agridia,Agridia,,,,,,,,,
,,,doxaro,Doxaro,,,,,,,,,
,,,makrygiannio,Makrygiannio,,,,,,,,,
,,,theodora,Theodora,,,,,,,,,
,,,aloides,Aloides,,,,,,,,,
,,,almyrida,Almyrida,,,,,,,,,
,,,sisses,Sisses,,,,,,,,,
,,,chonos,Chonos,,,,,,,,,
,,,aimonas,Aimonas,,,,,,,,,
,,,anogia,Anogia,,,,,,,,,
,,,aidonochori (metochia kamariot,Aidonochori (Metochia Kamariot,,,,,,,,,
,,,damasta,Damasta,,,,,,,,,
,,,paralia fodele,Paralia Fodele,,,,,,,,,
,,,fodele,Fodele,,,,,,,,,
,,,achlada,Achlada,,,,,,,,,
,,,marathos,Marathos,,,,,,,,,
,,,astyraki,Astyraki,,,,,,,,,
,,,gonies,Gonies,,,,,,,,,
,,,kamariotis,Kamariotis,,,,,,,,,
,,,skaloti,Skaloti,,,,,,,,,
,,,kallikratis,Kallikratis,,,,,,,,,
,,,argoules,Argoules,,,,,,,,,
,,,ano rodakino,Ano Rodakino,,,,,,,,,
,,,kato rodakino,Kato Rodakino,,,,,,,,,
,,,alones,Alones,,,,,,,,,
,,,sellia,Sellia,,,,,,,,,
,,,kali sykea,Kali Sykea,,,,,,,,,
,,,plakias,Plakias,,,,,,,,,
,,,myrthios,Myrthios,,,,,,,,,
,,,kokkina,Kokkina,,,,,,,,,
,,,mariou,Mariou,,,,,,,,,
,,,damnoni,Damnoni,,,,,,,,,
,,,aggouseliana,Aggouseliana,,,,,,,,,
,,,agios vassilios,Agios Vassilios,,,,,,,,,
,,,koxare,Koxare,,,,,,,,,
,,,atsipades,Atsipades,,,,,,,,,
,,,agia pelagia,Agia Pelagia,,,,,,,,,
,,,frati,Frati,,,,,,,,,
,,,asomatos,Asomatos,,,,,,,,,
,,,lefkogia,Lefkogia,,,,,,,,,
,,,karines,Karines,,,,,,,,,
,,,lambini,Lambini,,,,,,,,,
,,,dariviana,Dariviana,,,,,,,,,
,,,ano mixorrouma,Ano Mixorrouma,,,,,,,,,
,,,mixorrouma,Mixorrouma,,,,,,,,,
,,,mourne,Mourne,,,,,,,,,
,,,spili,Spili,,,,,,,,,
,,,drimiskos,Drimiskos,,,,,,,,,
,,,kerames,Kerames,,,,,,,,,
,,,agalianos,Agalianos,,,,,,,,,
,,,patsos,Patsos,,,,,,,,,
,,,kissos,Kissos,,,,,,,,,
,,,vatos,Vatos,,,,,,,,,
,,,ardaktos,Ardaktos,,,,,,,,,
,,,agia paraskevi,Agia Paraskevi,,,,,,,,,
,,,rodakinokampos,Rodakinokampos,,,,,,,,,
,,,akoumia,Akoumia,,,,,,,,,
,,,platanes,Platanes,,,,,,,,,
,,,kentrochori,Kentrochori,,,,,,,,,
,,,vrysses,Vrysses,,,,,,,,,
,,,saktouria,Saktouria,,,,,,,,,
,,,kato saktouria,Kato Saktouria,,,,,,,,,
,,,agia galini,Agia Galini,,,,,,,,,
,,,kokkinos pyrgos,Kokkinos Pyrgos,,,,,,,,,
,,,rizikas,Rizikas,,,,,,,,,
,,,apodoulou,Apodoulou,,,,,,,,,
,,,agia paraskevi,Agia Paraskevi,,,,,,,,,
,,,agios ioannis,Agios Ioannis,,,,,,,,,
,,,nithavris,Nithavris,,,,,,,,,
,,,melambes,Melambes,,,,,,,,,
,,,agios georgios,Agios Georgios,,,,,,,,,
,,,orne,Orne,,,,,,,,,
,,,krya vryssi,Krya Vryssi,,,,,,,,,
,,,nea krya vryssi,Nea Krya Vryssi,,,,,,,,,
,,,ano meros,Ano Meros,,,,,,,,,
,,,chordaki,Chordaki,,,,,,,,,
,,,kouroutes,Kouroutes,,,,,,,,,
,,,fourfouras,Fourfouras,,,,,,,,,
,,,vizari,Vizari,,,,,,,,,
,,,petrochori,Petrochori,,,,,,,,,
,,,lambiotes,Lambiotes,,,,,,,,,
,,,platania,Platania,,,,,,,,,
,,,monastiraki,Monastiraki,,,,,,,,,
,,,amari,Amari,,,,,,,,,
,,,opsigias,Opsigias,,,,,,,,,
,,,gerakari,Gerakari,,,,,,,,,
,,,vrysses,Vrysses,,,,,,,,,
,,,drygies,Drygies,,,,,,,,,
,,,meronas,Meronas,,,,,,,,,
,,,vistagi,Vistagi,,,,,,,,,
,,,pervolia,Pervolia,,,,,,,,,
,,,platanes,Platanes,,,,,,,,,
,,,adelianos kambos,Adelianos Kambos,,,,,,,,,
,,,pigianos kampos,Pigianos Kampos,,,,,,,,,
,,,sfakaki,Sfakaki,,,,,,,,,
,,,stavromenos,Stavromenos,,,,,,,,,
,,,skaleta,Skaleta,,,,,,,,,
,,,panormos,Panormos,,,,,,,,,
,,,roumeli,Roumeli,,,,,,,,,
,,,exandis,Exandis,,,,,,,,,
,,,achlades,Achlades,,,,,,,,,
,,,melidoni,Melidoni,,,,,,,,,
,,,perama,Perama,,,,,,,,,
,,,aggeliana,Aggeliana,,,,,,,,,
,,,alfa,Alfa,,,,,,,,,
,,,pevriana,Pevriana,,,,,,,,,
,,,margarites,Margarites,,,,,,,,,
,,,choumeri,Choumeri,,,,,,,,,
,,,keramota,Keramota,,,,,,,,,
,,,garipas,Garipas,,,,,,,,,
,,,orthes,Orthes,,,,,,,,,
,,,archea eleftherna (prines),Archea Eleftherna (Prines),,,,,,,,,
,,,eleftherna (anarchodometocha),Eleftherna (Anarchodometocha),,,,,,,,,
,,,erfi,Erfi,,,,,,,,,
,,,skouloufia,Skouloufia,,,,,,,,,
,,,roupes,Roupes,,,,,,,,,
,,,amnatos,Amnatos,,,,,,,,,
,,,kyrianna,Kyrianna,,,,,,,,,
,,,loutra,Loutra,,,,,,,,,
,,,asteri,Asteri,,,,,,,,,
,,,xamalevri,Xamalevri,,,,,,,,,
,,,magnissia,Magnissia,,,,,,,,,
,,,episkopi,Episkopi,,,,,,,,,
,,,prinos,Prinos,,,,,,,,,
,,,pigi,Pigi,,,,,,,,,
,,,adele,Adele,,,,,,,,,
,,,messi,Messi,,,,,,,,,
,,,maroulas,Maroulas,,,,,,,,,
,,,giannoudi,Giannoudi,,,,,,,,,
,,,prassies,Prassies,,,,,,,,,
,,,chromonastiri,Chromonastiri,,,,,,,,,
,,,myli,Myli,,,,,,,,,
,,,xiro chorio,Xiro Chorio,,,,,,,,,
,,,selli,Selli,,,,,,,,,
,,,apostoli,Apostoli,,,,,,,,,
,,,agia fotini,Agia Fotini,,,,,,,,,
,,,thronos,Thronos,,,,,,,,,
,,,klissidi,Klissidi,,,,,,,,,
,,,violi charaki,Violi Charaki,,,,,,,,,
,,,panorama,Panorama,,,,,,,,,
,,,gallos,Gallos,,,,,,,,,
,,,roussospiti,Roussospiti,,,,,,,,,
,,,kapediana,Kapediana,,,,,,,,,
,,,oros,Oros,,,,,,,,,
,,,goulediana,Goulediana,,,,,,,,,
,,,kare,Kare,,,,,,,,,
,,,ambelaki,Ambelaki,,,,,,,,,
,,,armeni,Armeni,,,,,,,,,
,,,fotinos,Fotinos,,,,,,,,,
,,,koumi,Koumi,,,,,,,,,
,,,kastellos,Kastellos,,,,,,,,,
,,,atsipopoulo,Atsipopoulo,,,,,,,,,
,,,prines,Prines,,,,,,,,,
,,,gerani,Gerani,,,,,,,,,
,,,vederi,Vederi,,,,,,,,,
,,,gonia,Gonia,,,,,,,,,
,,,agios andreas,Agios Andreas,,,,,,,,,
,,,ano valsamonero,Ano Valsamonero,,,,,,,,,
,,,kato valsamonero,Kato Valsamonero,,,,,,,,,
,,,kalonyktis,Kalonyktis,,,,,,,,,
,,,kato malaki,Kato Malaki,,,,,,,,,
,,,ano malaki,Ano Malaki,,,,,,,,,
,,,saitoures,Saitoures,,,,,,,,,
,,,roustika,Roustika,,,,,,,,,
,,,moundros,Moundros,,,,,,,,,
,,,agios konstantinos,Agios Konstantinos,,,,,,,,,
,,,karoti,Karoti,,,,,,,,,
,,,episkopi,Episkopi,,,,,,,,,
,,,koufi,Koufi,,,,,,,,,
,,,archontiki (arkoudena),Archontiki (Arkoudena),,,,,,,,,
,,,agios georgios,Agios Georgios,,,,,,,,,
,,,argyroupoli,Argyroupoli,,,,,,,,,
,,,arolithi,Arolithi,,,,,,,,,
,,,roumbado,Roumbado,,,,,,,,,
,,,myriokefala,Myriokefala,,,,,,,,,
,,,assi gonia,Assi Gonia,,,,,,,,,
,,,maroulou,Maroulou,,,,,,,,,
,,,patima,Patima,,,,,,,,,
,,,kournas,Kournas,,,,,,,,,
,,,dramia,Dramia,,,,,,,,,
,,,paralia kourna (kavros),Paralia Kourna (Kavros),,,,,,,,,
,,,mathes,Mathes,,,,,,,,,
,,,georgioupoli,Georgioupoli,,,,,,,,,
,,,agios ioannis,Agios Ioannis,,,,,,,,,
,,,aradaina,Aradaina,,,,,,,,,
,,,libaniana,Libaniana,,,,,,,,,
,,,loutro,Loutro,,,,,,,,,
,,,anopolis,Anopolis,,,,,,,,,
,,,kambia,Kambia,,,,,,,,,
,,,limnia,Limnia,,,,,,,,,
,,,pavliana,Pavliana,,,,,,,,,
,,,chora sfakion,Chora Sfakion,,,,,,,,,
,,,kavros,Kavros,,,,,,,,,
,,,mouri,Mouri,,,,,,,,,
,,,komitades,Komitades,,,,,,,,,
,,,vraskas,Vraskas,,,,,,,,,
,,,vouvas,Vouvas,,,,,,,,,
,,,nomikiana,Nomikiana,,,,,,,,,
,,,agios nektarios,Agios Nektarios,,,,,,,,,
,,,patsianos,Patsianos,,,,,,,,,
,,,kapsodassos,Kapsodassos,,,,,,,,,
,,,asfendos,Asfendos,,,,,,,,,
,,,imbros,Imbros,,,,,,,,,
,,,petres,Petres,,,,,,,,,
,,,ammoudari (askyfou),Ammoudari (Askyfou),,,,,,,,,
,,,kares,Kares,,,,,,,,,
,,,vatoudiaris,Vatoudiaris,,,,,,,,,
,,,embrosneros,Embrosneros,,,,,,,,,
,,,agios thymotis,Agios Thymotis,,,,,,,,,
,,,alikambos,Alikambos,,,,,,,,,
,,,fones,Fones,,,,,,,,,
,,,vafes,Vafes,,,,,,,,,
,,,nipos,Nipos,,,,,,,,,
,,,vrysses,Vrysses,,,,,,,,,
,,,maza,Maza,,,,,,,,,
,,,chambatha,Chambatha,,,,,,,,,
,,,kalamitsi alexandrou,Kalamitsi Alexandrou,,,,,,,,,
,,,exopolis,Exopolis,,,,,,,,,
,,,kokkino chorio,Kokkino Chorio,,,,,,,,,
,,,plaka,Plaka,,,,,,,,,
,,,drapanos,Drapanos,,,,,,,,,
,,,paleloni,Paleloni,,,,,,,,,
,,,kefalas,Kefalas,,,,,,,,,
,,,sellia,Sellia,,,,,,,,,
,,,likotinarea,Likotinarea,,,,,,,,,
,,,kalamitsi amygdalio,Kalamitsi Amygdalio,,,,,,,,,
,,,litsarda,Litsarda,,,,,,,,,
,,,xirosterni,Xirosterni,,,,,,,,,
,,,gavalochori,Gavalochori,,,,,,,,,
,,,vamos,Vamos,,,,,,,,,
,,,metochi,Metochi,,,,,,,,,
,,,metochi genitsari,Metochi Genitsari,,,,,,,,,
,,,kaina,Kaina,,,,,,,,,
,,,tsivaras,Tsivaras,,,,,,,,,
,,,almyrida,Almyrida,,,,,,,,,
,,,kalyves,Kalyves,,,,,,,,,
,,,armeni,Armeni,,,,,,,,,
,,,neo chorio,Neo Chorio,,,,,,,,,
,,,agii pantes (babalis),Agii Pantes (Babalis),,,,,,,,,
,,,pemonia,Pemonia,,,,,,,,,
,,,melidoni,Melidoni,,,,,,,,,
,,,paidochori,Paidochori,,,,,,,,,
,,,macheri,Macheri,,,,,,,,,
,,,ramni,Ramni,,,,,,,,,
,,,kares,Kares,,,,,,,,,
,,,stylos,Stylos,,,,,,,,,
,,,provarma,Provarma,,,,,,,,,
,,,aptera (palaiokastro),Aptera (Palaiokastro),,,,,,,,,
,,,ydatopyrgos,Ydatopyrgos,,,,,,,,,
,,,kafes,Kafes,,,,,,,,,
,,,madaro,Madaro,,,,,,,,,
,,,vamiana,Vamiana,,,,,,,,,
,,,kambi,Kambi,,,,,,,,,
,,,drakona,Drakona,,,,,,,,,
,,,platyvola,Platyvola,,,,,,,,,
,,,gerolakkos,Gerolakkos,,,,,,,,,
,,,katochori,Katochori,,,,,,,,,
,,,kontopoula,Kontopoula,,,,,,,,,
,,,loulos,Loulos,,,,,,,,,
,,,achlades,Achlades,,,,,,,,,
,,,panagia,Panagia,,,,,,,,,
,,,malaxa,Malaxa,,,,,,,,,
,,,tsikalaria,Tsikalaria,,,,,,,,,
,,,nerokouros,Nerokouros,,,,,,,,,
,,,mournies,Mournies,,,,,,,,,
,,,souda,Souda,,,,,,,,,
,,,chania,Chania,,,,,,,,,
,,,kounoupidiana,Kounoupidiana,,,,,,,,,
,,,korakies,Korakies,,,,,,,,,
,,,pithari,Pithari,,,,,,,,,
,,,aroni,Aroni,,,,,,,,,
,,,sternes,Sternes,,,,,,,,,
,,,anemomyli,Anemomyli,,,,,,,,,
,,,paxinos (galaggados),Paxinos (Galaggados),,,,,,,,,
,,,kato marathi,Kato Marathi,,,,,,,,,
,,,mouzouras,Mouzouras,,,,,,,,,
,,,kathiana (kathania),Kathiana (Kathania),,,,,,,,,
,,,plakoures,Plakoures,,,,,,,,,
,,,agios onoufrios,Agios Onoufrios,,,,,,,,,
,,,stavros,Stavros,,,,,,,,,
,,,chorafakia,Chorafakia,,,,,,,,,
,,,afrata,Afrata,,,,,,,,,
,,,rodopos,Rodopos,,,,,,,,,
,,,aspra nera,Aspra Nera,,,,,,,,,
,,,kolymbari,Kolymbari,,,,,,,,,
,,,marathokefala,Marathokefala,,,,,,,,,
,,,nochia,Nochia,,,,,,,,,
,,,spilia,Spilia,,,,,,,,,
,,,drakona,Drakona,,,,,,,,,
,,,karthiana,Karthiana,,,,,,,,,
,,,episkopi,Episkopi,,,,,,,,,
,,,mothiana,Mothiana,,,,,,,,,
,,,metochi,Metochi,,,,,,,,,
,,,skafiotes,Skafiotes,,,,,,,,,
,,,voukolies,Voukolies,,,,,,,,,
,,,neo chorio,Neo Chorio,,,,,,,,,
,,,koulkouthiana,Koulkouthiana,,,,,,,,,
,,,gavalomouri,Gavalomouri,,,,,,,,,
,,,neriana,Neriana,,,,,,,,,
,,,pontikiana,Pontikiana,,,,,,,,,
,,,polemarchio,Polemarchio,,,,,,,,,
,,,elaionas (kamissiana),Elaionas (Kamissiana),,,,,,,,,
,,,skoutelonas,Skoutelonas,,,,,,,,,
,,,rapaniana,Rapaniana,,,,,,,,,
,,,tavronitis,Tavronitis,,,,,,,,,
,,,maleme,Maleme,,,,,,,,,
,,,vlacheronitissa,Vlacheronitissa,,,,,,,,,
,,,sirilio,Sirilio,,,,,,,,,
,,,elliniko (passaliana),Elliniko (Passaliana),,,,,,,,,
,,,zounaki,Zounaki,,,,,,,,,
,,,xammoudochori,Xammoudochori,,,,,,,,,
,,,metochi,Metochi,,,,,,,,,
,,,daskaliana,Daskaliana,,,,,,,,,
,,,kontomari,Kontomari,,,,,,,,,
,,,xirokambi,Xirokambi,,,,,,,,,
,,,manoliopoulo,Manoliopoulo,,,,,,,,,
,,,psathogiannos,Psathogiannos,,,,,,,,,
,,,loutraki,Loutraki,,,,,,,,,
,,,modi,Modi,,,,,,,,,
,,,paleo gerani,Paleo Gerani,,,,,,,,,
,,,gerani,Gerani,,,,,,,,,
,,,vrysses,Vrysses,,,,,,,,,
,,,koufos,Koufos,,,,,,,,,
,,,patellari,Patellari,,,,,,,,,
,,,platanias,Platanias,,,,,,,,,
,,,agia marina,Agia Marina,,,,,,,,,
,,,trachilos,Trachilos,,,,,,,,,
,,,kissamos (kastelli),Kissamos (Kastelli),,,,,,,,,
,,,merada,Merada,,,,,,,,,
,,,kallergiana,Kallergiana,,,,,,,,,
,,,kato paleokastro,Kato Paleokastro,,,,,,,,,
,,,kokkino metochi,Kokkino Metochi,,,,,,,,,
,,,potamida,Potamida,,,,,,,,,
,,,rokka,Rokka,,,,,,,,,
,,,kotsiana,Kotsiana,,,,,,,,,
,,,nopigia,Nopigia,,,,,,,,,
,,,astrikas,Astrikas,,,,,,,,,
,,,vassilopoulo,Vassilopoulo,,,,,,,,,
,,,plakalona,Plakalona,,,,,,,,,
,,,melissourgio,Melissourgio,,,,,,,,,
,,,kamara (kamara koumouliou),Kamara (Kamara Koumouliou),,,,,,,,,
,,,ravdoucha,Ravdoucha,,,,,,,,,
,,,kaloudiana,Kaloudiana,,,,,,,,,
,,,kares,Kares,,,,,,,,,
,,,anoskeli,Anoskeli,,,,,,,,,
,,,mesa voukolies,Mesa Voukolies,,,,,,,,,
,,,lakki,Lakki,,,,,,,,,
,,,pigi (mouriziana),Pigi (Mouriziana),,,,,,,,,
,,,vassiliana,Vassiliana,,,,,,,,,
,,,zymbragos,Zymbragos,,,,,,,,,
,,,dromonero,Dromonero,,,,,,,,,
,,,fotakado,Fotakado,,,,,,,,,
,,,kato kefala,Kato Kefala,,,,,,,,,
,,,ano kefala,Ano Kefala,,,,,,,,,
,,,marakiana,Marakiana,,,,,,,,,
,,,kakopetros,Kakopetros,,,,,,,,,
,,,platanes,Platanes,,,,,,,,,
,,,neara essiana,Neara Essiana,,,,,,,,,
,,,palia roumata,Palia Roumata,,,,,,,,,
,,,loyfardiana,Loyfardiana,,,,,,,,,
,,,kechres,Kechres,,,,,,,,,
,,,lidiana,Lidiana,,,,,,,,,
,,,sembronas,Sembronas,,,,,,,,,
,,,spina,Spina,,,,,,,,,
,,,nea roumata,Nea Roumata,,,,,,,,,
,,,pappadiana,Pappadiana,,,,,,,,,
,,,nteres,Nteres,,,,,,,,,
,,,vatolakkos,Vatolakkos,,,,,,,,,
,,,alikianos,Alikianos,,,,,,,,,
,,,fournes,Fournes,,,,,,,,,
,,,skines,Skines,,,,,,,,,
,,,lakki,Lakki,,,,,,,,,
,,,meskla,Meskla,,,,,,,,,
,,,therisso,Therisso,,,,,,,,,
,,,chliaro,Chliaro,,,,,,,,,
,,,orthouni,Orthouni,,,,,,,,,
,,,chosti,Chosti,,,,,,,,,
,,,agia roumeli,Agia Roumeli,,,,,,,,,
,,,palia agia roumeli (samaria),Palia Agia Roumeli (Samaria),,,,,,,,,
,,,omalos,Omalos,,,,,,,,,
,,,prasses,Prasses,,,,,,,,,
,,,epanochori,Epanochori,,,,,,,,,
,,,prines,Prines,,,,,,,,,
,,,kambanos,Kambanos,,,,,,,,,
,,,skafi,Skafi,,,,,,,,,
,,,pera skafi,Pera Skafi,,,,,,,,,
,,,agriles,Agriles,,,,,,,,,
,,,maralia,Maralia,,,,,,,,,
,,,livada,Livada,,,,,,,,,
,,,maza,Maza,,,,,,,,,
,,,rodovani,Rodovani,,,,,,,,,
,,,temenia,Temenia,,,,,,,,,
,,,prodromi,Prodromi,,,,,,,,,
,,,sougia,Sougia,,,,,,,,,
,,,koustogerako,Koustogerako,,,,,,,,,
,,,livadas,Livadas,,,,,,,,,
,,,moni,Moni,,,,,,,,,
,,,anisaraki,Anisaraki,,,,,,,,,
,,,tsagariakos,Tsagariakos,,,,,,,,,
,,,sfinari,Sfinari,,,,,,,,,
,,,ano sfinari,Ano Sfinari,,,,,,,,,
,,,melissia,Melissia,,,,,,,,,
,,,berbathiana,Berbathiana,,,,,,,,,
,,,kambos,Kambos,,,,,,,,,
,,,plagia (cherethiana),Plagia (Cherethiana),,,,,,,,,
,,,keramoti,Keramoti,,,,,,,,,
,,,amygdalokefali,Amygdalokefali,,,,,,,,,
,,,livadia,Livadia,,,,,,,,,
,,,simantiriana,Simantiriana,,,,,,,,,
,,,pappadiana,Pappadiana,,,,,,,,,
,,,vathi (kouneni),Vathi (Kouneni),,,,,,,,,
,,,kefali,Kefali,,,,,,,,,
,,,tzitzifia,Tzitzifia,,,,,,,,,
,,,perivolia,Perivolia,,,,,,,,,
,,,elos,Elos,,,,,,,,,
,,,limni,Limni,,,,,,,,,
,,,sklavopoula,Sklavopoula,,,,,,,,,
,,,laggadas (choumoussiana),Laggadas (Choumoussiana),,,,,,,,,
,,,kalamios,Kalamios,,,,,,,,,
,,,azogyres,Azogyres,,,,,,,,,
,,,kityros,Kityros,,,,,,,,,
,,,voutas,Voutas,,,,,,,,,
,,,kambos,Kambos,,,,,,,,,
,,,gialos (koundoura),Gialos (Koundoura),,,,,,,,,
,,,paleochora,Paleochora,,,,,,,,,
,,,anydri,Anydri,,,,,,,,,
,,,platanes,Platanes,,,,,,,,,
,,,asfendiles,Asfendiles,,,,,,,,,
,,,azogyres,Azogyres,,,,,,,,,
,,,spaniakos,Spaniakos,,,,,,,,,
,,,strati,Strati,,,,,,,,,
,,,maroudiana,Maroudiana,,,,,,,,,
,,,pappadiana,Pappadiana,,,,,,,,,
,,,armi,Armi,,,,,,,,,
,,,agia triada (tsaliana),Agia Triada (Tsaliana),,,,,,,,,
,,,sarakina,Sarakina,,,,,,,,,
,,,plemeniana,Plemeniana,,,,,,,,,
,,,kandanos,Kandanos,,,,,,,,,
,,,drys,Drys,,,,,,,,,
,,,kopeti,Kopeti,,,,,,,,,
,,,mylones,Mylones,,,,,,,,,
,,,aligi,Aligi,,,,,,,,,
,,,strovles,Strovles,,,,,,,,,
,,,faraggi,Faraggi,,,,,,,,,
,,,archontiko,Archontiko,,,,,,,,,
,,,tsiskiana,Tsiskiana,,,,,,,,,
,,,moustakos,Moustakos,,,,,,,,,
,,,vlatos,Vlatos,,,,,,,,,
,,,koutsomatados,Koutsomatados,,,,,,,,,
,,,sassalos,Sassalos,,,,,,,,,
,,,kontoudiana,Kontoudiana,,,,,,,,,
,,,pyrgos,Pyrgos,,,,,,,,,
,,,malathyros,Malathyros,,,,,,,,,
,,,gra-kera,Gra-Kera,,,,,,,,,
,,,panethimos,Panethimos,,,,,,,,,
,,,sfakopigadi,Sfakopigadi,,,,,,,,,
,,,kamara,Kamara,,,,,,,,,
,,,trialonia,Trialonia,,,,,,,,,
,,,choudaliana,Choudaliana,,,,,,,,,
,,,makronas,Makronas,,,,,,,,,
,,,topolia,Topolia,,,,,,,,,
,,,kalathenes,Kalathenes,,,,,,,,,
,,,koukounara,Koukounara,,,,,,,,,
,,,polyrrinia (epano paleokastro),Polyrrinia (Epano Paleokastro),,,,,,,,,
,,,grigoriana,Grigoriana,,,,,,,,,
,,,goulouvas,Goulouvas,,,,,,,,,
,,,loussakies,Loussakies,,,,,,,,,
,,,zachariana,Zachariana,,,,,,,,,
,,,ierapetra,Ierapetra,,,,,,,,,
,,,kato chorio,Kato Chorio,,,,,,,,,
,,,chohlakies,Chohlakies,,,,,,,,,
,,,sfakakia,Sfakakia,,,,,,,,,
,,,pano & kato drys,Pano & Kato Drys,,,,,,,,,
,,,epano krya,Epano Krya,,,,,,,,,
,,,adrianos,Adrianos,,,,,,,,,
,,,chryssi (gaidouronissi),Chryssi (Gaidouronissi),,,,,,,,,
,,,lefki (koufonissi),Lefki (Koufonissi),,,,,,,,,
,,,karave,Karave,,,,,,,,,
,,,fokia,Fokia,,,,,,,,,
,,,ambelos,Ambelos,,,,,,,,,
,,,tzitzifes,Tzitzifes,,,,,,,,,
,,,fres,Fres,,,,,,,,,
,,,drapanias,Drapanias,,,,,,,,,
,,,stalos,Stalos,,,,,,,,,
,,,kyrtomados,Kyrtomados,,,,,,,,,
,,,agia,Agia,,,,,,,,,
,,,chordaki,Chordaki,,,,,,,,,
,,,aktounta,Aktounta,,,,,,,,,
,,,velonado,Velonado,,,,,,,,,
,,,vilandredo,Vilandredo,,,,,,,,,
,,,kato poros,Kato Poros,,,,,,,,,
,,,frantzeskiana metochia,Frantzeskiana Metochia,,,,,,,,,
,,,rethymno,Rethymno,,,,,,,,,
,,,paggalochori,Paggalochori,,,,,,,,,
,,,kalogeros,Kalogeros,,,,,,,,,
,,,miamou,Miamou,,,,,,,,,
,,,tris ekklisies,Tris Ekklisies,,,,,,,,,
,,,alithini,Alithini,,,,,,,,,
,,,vassilika anogia,Vassilika Anogia,,,,,,,,,
,,,vagionia,Vagionia,,,,,,,,,
,,,tymbaki,Tymbaki,,,,,,,,,
,,,loutraki,Loutraki,,,,,,,,,
,,,kato vathia,Kato Vathia,,,,,,,,,
,,,kardamiana,Kardamiana,,,,,,,,,
,,,mastrichiana,Mastrichiana,,,,,,,,,
,,,makres,Makres,,,,,,,,,
,,,plouti,Plouti,,,,,,,,,
,,,panassos,Panassos,,,,,,,,,
,,,paleokastro,Paleokastro,,,,,,,,,
,,,linoperamata,Linoperamata,,,,,,,,,
,,,elea,Elea,,,,,,,,,
,,,alagni,Alagni,,,,,,,,,
,,,charkia,Charkia,,,,,,,,,
,,,kavoussi,Kavoussi,,,,,,,,,
,,,skepasti,Skepasti,,,,,,,,,
,,,pantanassa,Pantanassa,,,,,,,,,
,,,voleones,Voleones,,,,,,,,,
,,,messonissia,Messonissia,,,,,,,,,
,,,elenes,Elenes,,,,,,,,,
,,,finix (finikias),Finix (Finikias),,,,,,,,,
,,,myrthianos plakias,Myrthianos Plakias,,,,,,,,,
,,,kalathas,Kalathas,,,,,,,,,
,,,marathi,Marathi,,,,,,,,,
,,,chryssavgi (moulete),Chryssavgi (Moulete),,,,,,,,,
,,,malamadiana,Malamadiana,,,,,,,,,
,,,kavoussi,Kavoussi,,,,,,,,,
,,,skalidiana,Skalidiana,,,,,,,,,
,,,tomadiana,Tomadiana,,,,,,,,,
,,,skonizo,Skonizo,,,,,,,,,
,,,asprouliani,Asprouliani,,,,,,,,,
,,,kastellos,Kastellos,,,,,,,,,
,,,fylaki,Fylaki,,,,,,,,,
,,,kakodiki,Kakodiki,,,,,,,,,
,,,kadros,Kadros,,,,,,,,,
,,,sfakos,Sfakos,,,,,,,,,
,,,chryssopigi (tsaggareliana),Chryssopigi (Tsaggareliana),,,,,,,,,
,,,floria,Floria,,,,,,,,,
,,,pano floria,Pano Floria,,,,,,,,,
,,,trachiniakos,Trachiniakos,,,,,,,,,
,,,despotiko,Despotiko,,,,,,,,,
,,,psariana,Psariana,,,,,,,,,
,,,thymia,Thymia,,,,,,,,,
,,,spiliaria,Spiliaria,,,,,,,,,
,,,agios georgios,Agios Georgios,,,,,,,,,
,,,agios antonios,Agios Antonios,,,,,,,,,
,,,marediana,Marediana,,,,,,,,,
,,,fterolakka,Fterolakka,,,,,,,,,
,,,vouves,Vouves,,,,,,,,,
,,,ano vouves,Ano Vouves,,,,,,,,,
,,,glossa,Glossa,,,,,,,,,
,,,cherethiana,Cherethiana,,,,,,,,,
,,,fragkokastello (paradissos),Fragkokastello (Paradissos),,,,,,,,,
,,,vathypetro,Vathypetro,,,,,,,,,
,,,karnari,Karnari,,,,,,,,,
,,,ambela,Ambela,,,,,,,,,
,,,kera eleoussa (arap agas),Kera Eleoussa (Arap Agas),,,,,,,,,
,,,arvi,Arvi,,,,,,,,,
,,,xeniakos,Xeniakos,,,,,,,,,
,,,agii theodori (kefalogiannis),Agii Theodori (Kefalogiannis),,,,,,,,,
,,,kollyvas,Kollyvas,,,,,,,,,
,,,skafidaras,Skafidaras,,,,,,,,,
,,,agios dimitrios (karamanli met,Agios Dimitrios (Karamanli Met,,,,,,,,,
,,,ano kalessia,Ano Kalessia,,,,,,,,,
,,,pantanassa,Pantanassa,,,,,,,,,
,,,vourvoulitis,Vourvoulitis,,,,,,,,,
,,,anopolis,Anopolis,,,,,,,,,
,,,pelekita,Pelekita,,,,,,,,,
,,,stavromeno,Stavromeno,,,,,,,,,
,,,galipe,Galipe,,,,,,,,,
,,,skopela,Skopela,,,,,,,,,
,,,chochlakies,Chochlakies,,,,,,,,,
,,,stamni,Stamni,,,,,,,,,
,,,kato karouzana,Kato Karouzana,,,,,,,,,
,,,ano karouzana,Ano Karouzana,,,,,,,,,
,,,agnos,Agnos,,,,,,,,,
,,,polythea (pigaidouri),Polythea (Pigaidouri),,,,,,,,,
,,,tziggouna,Tziggouna,,,,,,,,,
,,,herakleio,Herakleio,,,,,,,,,
,,,nea alikarnassos,Nea Alikarnassos,,,,,,,,,
,,,katalagari,Katalagari,,,,,,,,,
,,,neo venerato,Neo Venerato,,,,,,,,,
,,,kera,Kera,,,,,,,,,
,,,ano kera,Ano Kera,,,,,,,,,
,,,anissaras,Anissaras,,,,,,,,,
,,,aggissaras,Aggissaras,,,,,,,,,
,,,agios ioannis,Agios Ioannis,,,,,,,,,
,,,aposselemis,Aposselemis,,,,,,,,,
,,,chatzana,Chatzana,,,,,,,,,
,,,Makrys Gyalos,makrys gyalos,,,,,,,,,
